{
  "combined_score": 0.6923693116920261,
  "valid": 1.0,
  "timeout": 0.0,
  "runtime_s": 0.15832781791687012,
  "mean_instance_ratio": 0.6923693116920261,
  "mean_candidate_runtime_s": 0.05078283945719401,
  "instance_count": 3.0,
  "mean_makespan": 1474.6666666666667
}